"year","fod","n_days","log_mean","var_log","sd_log","mean_c","ymin","ymax","letter","y","pigment"
"2018","1",49,-1.77455524158841,0.0117393501218131,0.108348281582188,0.0168052415203242,0.0130947278497555,0.0215671639607004,"a",0.682013607861115,"Chlb"
"2018","2",54,-1.78058339677117,0.0120483587525815,0.109765016068789,0.0165735904667786,0.0128721646766919,0.0213393712603659,"a",0.674810170186943,"Chlb"
"2018","3",54,-1.74083915507643,0.00317322354958658,0.0563313726939668,0.0181618818009109,0.0159525264079404,0.0206772232883484,"a",0.653871212790573,"Chlb"
"2018","4",54,-1.48442414401907,0.00957345155780469,0.0978440164639856,0.0327775022581062,0.0261656687783739,0.0410600876813104,"a",1.29843397999163,"Chlb"
"2018","5",54,-1.62354822219187,0.00514983086335477,0.0717623220315144,0.0237931409748196,0.0201692363760696,0.0280681701028265,"a",0.887593472779743,"Chlb"
"2018","6",40,-1.7570523224339,0.0150172381157332,0.122544841244881,0.0174963588529525,0.0131948007452106,0.0232002422031576,"a",0.73365607629541,"Chlb"
"2018","7",46,-1.79840603984547,0.0105989810233593,0.102951352702911,0.0159072080103156,0.0125499676821401,0.0201625432903345,"a",0.637595602192025,"Chlb"
"2018","8",11,-1.74655954295129,0.0518116937115619,0.227621821694586,0.01792422789493,0.0106125227770436,0.0302734752498583,"a",0.957331344782873,"Chlb"
"2018","9",50,-1.7851142241891,0.0109621908558109,0.104700481640778,0.0164015833692074,0.0128879930784069,0.0208730665341351,"a",0.660064320001038,"Chlb"
"2018","10",52,-1.6356104984742,0.0129898835106177,0.113973170134983,0.0231413931968696,0.0177998495443337,0.0300858767237501,"a",0.951398958500948,"Chlb"
"2018","11",39,-1.67836290861696,0.0220277708208674,0.148417555635671,0.0209718668335982,0.0149011413966766,0.029515805989484,"a",0.933371739024094,"Chlb"
"2018","12",54,-1.50040870049824,0.0126200177460311,0.112338852344285,0.0315930314271443,0.0243922828356206,0.04091948430915,"a",1.29398771096435,"Chlb"
"2018","13",43,-1.72631896317573,0.0110645350558719,0.10518809369825,0.0187793707836485,0.0147398458992576,0.0239259466781478,"a",0.756604866786865,"Chlb"
"2018",NA,48,-1.49266579264456,0.0179714576888267,0.134057665535495,0.0321613453357997,0.023619817724781,0.0437917068565419,"a",1.38481536293085,"Chlb"
"2021","1",53,-1.72491536175658,0.00422471447828524,0.0649978036420096,0.0188401622352692,0.0162213440107256,0.0218817696497016,"b",0.691962313282018,"Chlb"
"2021","2",54,-1.77969572528165,0.00454182864681848,0.0673930904976058,0.0166075005202488,0.0142203794225005,0.0193953385725881,"a",0.613334458794976,"Chlb"
"2021","3",54,-1.73803197625824,0.00645197525537656,0.0803241884825273,0.0182796562163349,0.0151930104046955,0.0219933918615709,"a",0.695492117551748,"Chlb"
"2021","4",54,-1.60306603204536,0.00659739976291226,0.0812243791168161,0.0249421546660913,0.0206875751543074,0.0300717254074937,"b",0.950951454588351,"Chlb"
"2021","5",54,-1.68772765908619,0.00289397734707851,0.0537957000798253,0.0205244884166054,0.0181332914067897,0.0232310072845152,"b",0.734628953590315,"Chlb"
"2021","6",36,-1.75293181426888,0.0108691847033619,0.104255382131389,0.0176631511648101,0.013893536411927,0.0224555433419462,"a",0.710106630571791,"Chlb"
"2021","7",50,-1.80647960734962,0.0042754178828097,0.0653866797047358,0.0156142235410405,0.0134317844256173,0.018151272315285,"a",0.573993629462586,"Chlb"
"2021","8",9,-1.73669984654101,0.0177263545608671,0.133140356619874,0.0183358122549797,0.0134945931917046,0.0249138307671647,"a",0.787844504642205,"Chlb"
"2021","9",53,-1.7430598173593,0.0115830539124394,0.107624597153436,0.0180692523281915,0.0141031324782612,0.0231507347891062,"ab",0.732090514400733,"Chlb"
"2021","10",51,-1.68442889569059,0.00911130627668526,0.0954531627379903,0.0206809795089863,0.0166003766349402,0.025764651179714,"a",0.814749808476405,"Chlb"
"2021","11",39,-1.78386492528005,0.0117346350710633,0.108326520626591,0.0164488323695448,0.0128176542963395,0.0211087052331139,"b",0.667515869937556,"Chlb"
"2021","12",54,-1.68440108564061,0.0105134611875621,0.102535170490725,0.0206823038580461,0.0163329165779871,0.0261899147549106,"bc",0.82819782351168,"Chlb"
"2021","13",31,-1.75430938423091,0.0167741611913552,0.129515100244547,0.0176072129070357,0.0130669886997252,0.0237249724077747,"a",0.750249502332172,"Chlb"
"2021",NA,51,-1.61203348312841,0.0138502671057741,0.117687157777619,0.0244324217695213,0.0186328530596707,0.0320371352477316,"b",1.01310317089694,"Chlb"
"2022","1",52,-1.7508690722429,0.005982853109292,0.07734890502969,0.0177472443050891,0.0148519002165154,0.0212070291230665,"ab",0.670625144344133,"Chlb"
"2022","2",54,-1.74369645737819,0.00643967889954428,0.0802476099304165,0.0180427836944227,0.0149987799202256,0.0217045683165695,"a",0.686358715110861,"Chlb"
"2022","3",54,-1.67958981949465,0.00578829383992425,0.0760808375343243,0.0209127035205257,0.0175521104439782,0.0249167283862124,"b",0.787936135402028,"Chlb"
"2022","4",54,-1.64346150185398,0.00681689757135711,0.0825645055175474,0.0227268108874127,0.0187920427881515,0.0274854596136766,"b",0.869166549157898,"Chlb"
"2022","5",54,-1.67770053430204,0.00361806428326788,0.0601503473245823,0.0210038769676347,0.0182872801628195,0.0241240273973861,"b",0.76286872912044,"Chlb"
"2022","6",36,-1.75591757404503,0.0186546197005979,0.1365819157158,0.0175421340728007,0.0128085659937423,0.024025052295351,"a",0.759738861579655,"Chlb"
"2022","7",49,-1.79507723199079,0.00888833338765852,0.0942779581220262,0.0160296030573215,0.0129016367460445,0.0199159361895745,"a",0.629797200936304,"Chlb"
"2022","8",17,-1.74508524466593,0.0128393932837197,0.113311046609409,0.0179851786182476,0.0138549099913013,0.0233467160835657,"a",0.738287987093536,"Chlb"
"2022","9",52,-1.71066090678089,0.00940006339784488,0.0969539240971962,0.0194687959438327,0.0155734620579842,0.0243384556427693,"b",0.769649545621283,"Chlb"
"2022","10",52,-1.65932331477446,0.0100689449033924,0.100344132381482,0.0219117308776849,0.0173913202670534,0.0276071018579107,"a",0.87301321467264,"Chlb"
"2022","11",31,-1.74131368175749,0.0198230146777227,0.140794228140655,0.0181420482749831,0.0131187389495264,0.0250888379499082,"ab",0.793378717685793,"Chlb"
"2022","12",51,-1.63289505457286,0.0106501158804314,0.103199398643749,0.0232865389906106,0.0183613896435742,0.0295327809434621,"b",0.933908534201566,"Chlb"
"2022","13",25,-1.73904737592502,0.0184156693172652,0.135704345240914,0.0182369674968091,0.0133428400183925,0.0249262513094075,"a",0.788237276674821,"Chlb"
"2022",NA,52,-1.58279821307997,0.0179435650825243,0.133953593018345,0.026133753289923,0.019197655493987,0.0355758577516133,"b",1.12500740209255,"Chlb"
"2023","1",33,-1.77267370052041,0.00342970686548321,0.058563699212765,0.0168782066333102,0.0147490008369465,0.0193147903580766,"a",0.610787300601811,"Chlb"
"2023","2",34,-1.79155659104137,0.00784987401497216,0.0885995147558504,0.0161600763739904,0.0131778298043311,0.0198172288070811,"a",0.626675799430777,"Chlb"
"2023","3",34,-1.7436878633208,0.00365596434238417,0.0604645709683296,0.0180431407384545,0.0156981171482448,0.0207384697561692,"a",0.655807996160114,"Chlb"
"2023","4",34,-1.72205162663316,0.0102797562318597,0.101389132710856,0.0189648046423444,0.015016172223616,0.02395176412246,"c",0.757421286060779,"Chlb"
"2023","5",34,-1.73618001698821,0.00793218154847249,0.0890627955347938,0.0183577724781232,0.0149539934979189,0.0225363084720772,"c",0.71266064823913,"Chlb"
"2023","6",29,-1.6880709812906,0.0123646927889354,0.111196640187262,0.0205082696332684,0.0158756815391999,0.0264926656731134,"a",0.837771648163963,"Chlb"
"2023","7",30,-1.79680045906555,0.0084378413702512,0.0918577235198609,0.0159661255831319,0.0129223594545131,0.0197268282958427,"a",0.623817084259209,"Chlb"
"2023","8",2,-1.89803493555157,0.000577324506733233,0.0240275780455133,0.0126463461354029,0.0119656828142982,0.0133657287309433,"a",0.422661453777325,"Chlb"
"2023","9",33,-1.78323611298225,0.0204607414431863,0.143041048105732,0.0164726657822934,0.0118501224739961,0.0228983893264045,"a",0.724110650207271,"Chlb"
"2023","10",33,-1.78741021147719,0.0200140212272997,0.141470920076529,0.016315101820995,0.0117792833393891,0.0225975163140305,"b",0.714596210151492,"Chlb"
"2023","11",29,-1.72809460768998,0.042528984639624,0.206225567376172,0.0187027467113053,0.0116326811666698,0.0300698290906036,"ab",0.950891487782969,"Chlb"
"2023","12",34,-1.70375403654657,0.0071231874779293,0.0843989779436297,0.0197808961750977,0.0162872208570159,0.0240239791014712,"c",0.759704924209342,"Chlb"
"2023","13",16,-1.77238548893121,0.0356249188563687,0.188745645926916,0.0168894112638848,0.0109362609692063,0.0260831570903288,"a",0.824821849734093,"Chlb"
"2023",NA,33,-1.56580285161331,0.00926265869374152,0.0962427072236724,0.027176726789212,0.0217748133583159,0.0339187513032531,"ab",1.07260509507084,"Chlb"
