"freq","model","scheme","variable","n_folds","r","p_value","sig"
38,"rf","blocked_spatial_1500x1000km","Allo_totpig",5,-0.369011977973834,0.541051528235237,""
38,"rf","blocked_spatial_1500x1000km","But_totpig",5,0.646355326313969,0.238608531508059,""
38,"rf","blocked_spatial_1500x1000km","Chla_total",5,0.440298139041632,0.458075441262377,""
38,"rf","blocked_spatial_1500x1000km","Chlb_totpig",5,-0.402630811662929,0.501563495403652,""
38,"rf","blocked_spatial_1500x1000km","DvChla_totpig",5,-0.50584446210402,0.384570397463297,""
38,"rf","blocked_spatial_1500x1000km","Fuco_totpig",5,0.102037760830581,0.870307286790205,""
38,"rf","blocked_spatial_1500x1000km","Hex_totpig",5,0.514373902707082,0.375229640203031,""
38,"rf","blocked_spatial_1500x1000km","Per_totpig",5,-0.414253375577013,0.488055942720268,""
38,"rf","blocked_spatial_1500x1000km","Zea_totpig",5,-0.274832424947052,0.654528967784089,""
38,"rf","blocked_spatial_1500x1000km","ftle",5,-0.266543455767335,0.66468877219648,""
38,"rf","blocked_spatial_200x200km","Allo_totpig",7,-0.347541812990194,0.444971480955121,""
38,"rf","blocked_spatial_200x200km","But_totpig",7,0.606681424619074,0.148624421407536,""
38,"rf","blocked_spatial_200x200km","Chla_total",7,0.705147126388945,0.0767679140889074,"."
38,"rf","blocked_spatial_200x200km","Chlb_totpig",7,-0.461375465440588,0.297375518383608,""
38,"rf","blocked_spatial_200x200km","DvChla_totpig",7,0.405376903220888,0.366933525310111,""
38,"rf","blocked_spatial_200x200km","Fuco_totpig",7,0.353781733369421,0.436270820910629,""
38,"rf","blocked_spatial_200x200km","Hex_totpig",7,0.766004812025309,0.0446416553354393,"*"
38,"rf","blocked_spatial_200x200km","Per_totpig",7,0.1768103502963,0.704507169001066,""
38,"rf","blocked_spatial_200x200km","Zea_totpig",7,-0.484723995104813,0.270269744079287,""
38,"rf","blocked_spatial_200x200km","ftle",7,-0.23666776177864,0.609377317259979,""
