"year","fod","n_days","m","var_v","sd_v","mean_c","ymin","ymax","letter","variable"
"2018","0",6,0.0388508788309991,0.000277752570138219,0.0166659104203227,0.0388508788309991,0.0221849684106765,0.0555167892513218,"a","FTLE"
"2018","C1",24,0.0684080977370591,1.46640283897089e-08,0.000121095121246518,0.0684080977370591,0.0682870026158126,0.0685291928583056,"a","FTLE"
"2018","C2",24,0.0696019865499004,2.83340082969912e-08,0.000168327087234916,0.0696019865499004,0.0694336594626655,0.0697703136371354,"a","FTLE"
"2018","C3",24,0.0662448496023793,7.70174597450407e-08,0.000277520197003823,0.0662448496023793,0.0659673294053755,0.0665223697993831,"a","FTLE"
"2018","C4",24,0.0699772152833086,3.10802542423891e-08,0.000176295928036892,0.0699772152833086,0.0698009193552717,0.0701535112113455,"a","FTLE"
"2018","C5",24,0.0737595504145894,1.38496474514758e-08,0.000117684525114714,0.0737595504145894,0.0736418658894747,0.0738772349397041,"a","FTLE"
"2018","C6",24,0.0676196793884028,5.5641056448366e-08,0.000235883565447799,0.0676196793884028,0.067383795822955,0.0678555629538506,"a","FTLE"
"2018","T1-2",24,0.0673369643469873,9.04544548260369e-08,0.000300756470962865,0.0673369643469873,0.0670362078760244,0.0676377208179501,"a","FTLE"
"2018","T1-3",24,0.0672019011779779,6.17182936240921e-06,0.0024843166791714,0.0672019011779779,0.0647175844988065,0.0696862178571493,"a","FTLE"
"2018","T2-3",24,0.0688689166655187,1.40877972350215e-07,0.000375337144911365,0.0688689166655187,0.0684935795206073,0.06924425381043,"a","FTLE"
"2018","T3-4",24,0.0715273062299588,3.31573468075812e-07,0.000575824164199291,0.0715273062299588,0.0709514820657595,0.0721031303941581,"a","FTLE"
"2018","T4-6",24,0.0584926241347533,2.24758453565227e-07,0.000474086968356258,0.0584926241347533,0.058018537166397,0.0589667111031095,"a","FTLE"
"2018","T4-5",24,0.0737754288374713,1.25644235682249e-07,0.00035446330653856,0.0737754288374713,0.0734209655309327,0.0741298921440098,"a","FTLE"
"2018","T5-6",24,0.0709613807008988,6.76570057186942e-08,0.000260109603280414,0.0709613807008988,0.0707012710976184,0.0712214903041792,"a","FTLE"
"2018","NA",24,0.0727534575836123,1.84921903891025e-07,0.000430025468886466,0.0727534575836123,0.0723234321147259,0.0731834830524988,"a","FTLE"
"2021","0",14,0.0701133989329849,0.000566287488011169,0.0237967957509235,0.0701133989329849,0.0463166031820614,0.0939101946839084,"a","FTLE"
"2021","C1",50,0.0672344565423224,3.56998169418238e-08,0.000188943951852987,0.0672344565423224,0.0670455125904694,0.0674234004941753,"b","FTLE"
"2021","C2",50,0.0689877024663579,2.66552849257812e-08,0.000163264463144253,0.0689877024663579,0.0688244380032136,0.0691509669295021,"b","FTLE"
"2021","C3",50,0.0654778354894888,3.3504034691481e-08,0.000183041073782583,0.0654778354894888,0.0652947944157062,0.0656608765632714,"b","FTLE"
"2021","C4",50,0.0689165022151415,1.89288128314566e-08,0.000137582022195695,0.0689165022151415,0.0687789201929458,0.0690540842373372,"b","FTLE"
"2021","C5",50,0.0722801735945842,6.31893939797657e-08,0.000251375006672831,0.0722801735945842,0.0720287985879114,0.072531548601257,"b","FTLE"
"2021","C6",50,0.0671042848572063,3.69378281978837e-08,0.000192192164767151,0.0671042848572063,0.0669120926924392,0.0672964770219735,"b","FTLE"
"2021","T1-2",50,0.0673131852162072,1.38890501048975e-07,0.000372680159183414,0.0673131852162072,0.0669405050570238,0.0676858653753907,"a","FTLE"
"2021","T1-3",50,0.0651050928430144,6.27733058779706e-06,0.0025054601549011,0.0651050928430144,0.0625996326881133,0.0676105529979155,"b","FTLE"
"2021","T2-3",50,0.0678979472782577,1.18368152607332e-07,0.000344046730266881,0.0678979472782577,0.0675539005479908,0.0682419940085245,"b","FTLE"
"2021","T3-4",50,0.070043073954047,3.7913577648751e-07,0.000615740023457555,0.070043073954047,0.0694273339305895,0.0706588139775046,"b","FTLE"
"2021","T4-6",50,0.05804391641274,2.19060098319853e-07,0.000468038564992088,0.05804391641274,0.0575758778477479,0.0585119549777321,"b","FTLE"
"2021","T4-5",50,0.0727218212975885,2.52650186376414e-07,0.000502643199870857,0.0727218212975885,0.0722191780977176,0.0732244644974593,"b","FTLE"
"2021","T5-6",50,0.0698591698965484,6.09877703507048e-08,0.000246957021262212,0.0698591698965484,0.0696122128752862,0.0701061269178107,"b","FTLE"
"2021","NA",50,0.0743275407844874,1.54377968008791e-07,0.000392909618116929,0.0743275407844874,0.0739346311663705,0.0747204504026043,"b","FTLE"
"2022","0",8,0.0487328281669761,0.000754725516170623,0.027472268129345,0.0487328281669761,0.0212605600376311,0.0762050962963211,"a","FTLE"
"2022","C1",31,0.065500226870444,4.85039427164578e-08,0.000220236106750137,0.065500226870444,0.0652799907636939,0.0657204629771942,"c","FTLE"
"2022","C2",31,0.0669296054120722,8.67083475286232e-08,0.000294462811792293,0.0669296054120722,0.0666351426002799,0.0672240682238645,"c","FTLE"
"2022","C3",31,0.0636006618963247,3.06184094181903e-08,0.00017498116875307,0.0636006618963247,0.0634256807275716,0.0637756430650778,"c","FTLE"
"2022","C4",31,0.0675688450471656,3.32013410536207e-08,0.000182212351539682,0.0675688450471656,0.0673866326956259,0.0677510573987053,"c","FTLE"
"2022","C5",31,0.0712589600853218,2.29501247311095e-07,0.000479062884505881,0.0712589600853218,0.0707798972008159,0.0717380229698276,"c","FTLE"
"2022","C6",31,0.0652769406257034,3.82044485020551e-08,0.000195459582783897,0.0652769406257034,0.0650814810429195,0.0654724002084873,"c","FTLE"
"2022","T1-2",31,0.0645582039548526,8.06782503376177e-08,0.000284039170428337,0.0645582039548526,0.0642741647844243,0.064842243125281,"b","FTLE"
"2022","T1-3",31,0.0654995041856913,1.29867002972993e-05,0.003603706466584,0.0654995041856913,0.0618957977191073,0.0691032106522753,"ab","FTLE"
"2022","T2-3",31,0.0661462912330993,1.57049398731511e-07,0.000396294585796363,0.0661462912330993,0.065749996647303,0.0665425858188957,"c","FTLE"
"2022","T3-4",31,0.068946105927152,1.63249295834798e-07,0.000404041205614969,0.068946105927152,0.068542064721537,0.0693501471327669,"c","FTLE"
"2022","T4-6",31,0.0539079541974431,1.38679649811298e-07,0.000372397166760567,0.0539079541974431,0.0535355570306826,0.0542803513642037,"c","FTLE"
"2022","T4-5",31,0.0717744790057739,6.23382125181254e-07,0.000789545518118654,0.0717744790057739,0.0709849334876552,0.0725640245238925,"c","FTLE"
"2022","T5-6",31,0.0676068245003772,3.17028431569955e-07,0.000563052778671729,0.0676068245003772,0.0670437717217055,0.0681698772790489,"c","FTLE"
"2022","NA",31,0.0703072906145548,3.81997041510129e-07,0.000618059092247763,0.0703072906145548,0.069689231522307,0.0709253497068026,"c","FTLE"
"2023","0",4,0.0466240725654643,0.00105114993084169,0.0324214424546733,0.0466240725654643,0.014202630110791,0.0790455150201376,"a","FTLE"
"2023","C1",28,0.0680459795458742,8.220033195539e-08,0.000286706002649735,0.0680459795458742,0.0677592735432245,0.068332685548524,"d","FTLE"
"2023","C2",28,0.0693591816937676,3.2263623983486e-08,0.00017962077826211,0.0693591816937676,0.0691795609155055,0.0695388024720298,"d","FTLE"
"2023","C3",28,0.0652443438845809,3.70438980704736e-08,0.000192467914392175,0.0652443438845809,0.0650518759701887,0.0654368117989731,"d","FTLE"
"2023","C4",28,0.0695512731575843,5.24676938382965e-08,0.000229058276074663,0.0695512731575843,0.0693222148815096,0.069780331433659,"d","FTLE"
"2023","C5",28,0.0740212981839272,8.02869200653905e-08,0.000283349466322756,0.0740212981839272,0.0737379487176045,0.07430464765025,"d","FTLE"
"2023","C6",28,0.0672005825812264,3.63632025214096e-08,0.00019069138030181,0.0672005825812264,0.0670098912009245,0.0673912739615282,"b","FTLE"
"2023","T1-2",28,0.0667882506102503,6.0392277401649e-08,0.000245748402643128,0.0667882506102503,0.0665425022076072,0.0670339990128934,"c","FTLE"
"2023","T1-3",28,0.0659045958782941,1.1097627502253e-05,0.00333131017803102,0.0659045958782941,0.0625732857002631,0.0692359060563251,"ab","FTLE"
"2023","T2-3",28,0.0682843357216946,1.22507733932855e-07,0.000350011048301129,0.0682843357216946,0.0679343246733935,0.0686343467699957,"d","FTLE"
"2023","T3-4",28,0.0711891698916372,3.76785732009032e-07,0.000613828748112234,0.0711891698916372,0.070575341143525,0.0718029986397494,"a","FTLE"
"2023","T4-6",28,0.0548945995303561,1.93948544212911e-07,0.000440395894863827,0.0548945995303561,0.0544542036354923,0.0553349954252199,"d","FTLE"
"2023","T4-5",28,0.0742360807847322,2.27794868875567e-07,0.000477278607184072,0.0742360807847322,0.0737588021775481,0.0747133593919163,"d","FTLE"
"2023","T5-6",28,0.0710318216963483,1.46473606462369e-07,0.000382718704092666,0.0710318216963483,0.0706491029922556,0.0714145404004409,"a","FTLE"
"2023","NA",28,0.0739076520237631,1.84117253766364e-07,0.000429088864649694,0.0739076520237631,0.0734785631591134,0.0743367408884128,"d","FTLE"
