"fod","year","n_days","log_mean","var_log","sd_log","mean_c","ymin","ymax","letter","y"
"1","2018",24,-1.36693868612886,0.000916671252211347,0.0302765792686583,0.0429597073172812,0.0400668070501389,0.0460614805286827,"a",1.45659190870134
"1","2021",50,-1.33742464989007,0.00142372851650667,0.03773232720767,0.0459806758101525,0.042154410745319,0.0501542427133349,"b",1.58601641295042
"1","2022",31,-1.32788575990065,0.00128179073139724,0.0358021051252191,0.0470017729357502,0.0432824797959765,0.0510406674829472,"bc",1.61404762541407
"1","2023",28,-1.30759549522226,0.000630896787198324,0.0251176588717644,0.0492498038080461,0.0464822182916207,0.0521821734047552,"c",1.6501452121689
"2","2018",24,-1.37274393777768,0.000750547187509357,0.0273961162851481,0.0423892821735108,0.0397978807105177,0.0451494202984192,"a",1.42775003179244
"2","2021",50,-1.35065229345447,0.00122895603838602,0.0350564692800918,0.0446013194315583,0.0411425529994288,0.0483508569597886,"b",1.52898834813936
"2","2022",31,-1.35307717510497,0.00156760495817331,0.0395929912758977,0.044352982068269,0.0404883271647774,0.0485865224893641,"ab",1.53644074653385
"2","2023",28,-1.30206067301597,0.000445012464380815,0.0210953185418191,0.0498814795779631,0.0475164523871702,0.0523642208095184,"c",1.65590205658064
"3","2018",24,-1.37721029922944,0.000606632444413165,0.0246299095494313,0.0419555772517622,0.0396423864801637,0.044403746061287,"a",1.40416974197397
"3","2021",50,-1.35761118168268,0.00184130007455248,0.0429103725753166,0.0438923484524658,0.0397629361435583,0.0484506034895712,"a",1.53214261036747
"3","2022",31,-1.32220809111389,0.00145674292561999,0.0381673017859528,0.0476202760772015,0.0436138682285448,0.0519947160335736,"b",1.64421728959769
"3","2023",28,-1.30728617045902,0.000427793950381975,0.0206831803739651,0.0492848943078655,0.0469927271290476,0.0516888666679665,"b",1.63454548343532
"4","2018",24,-1.30947079784061,0.00222240375426962,0.0471423774779086,0.0490375994789294,0.0439933288128966,0.0546602457132311,"ab",1.72850873918265
"4","2021",50,-1.32129571658544,0.000944684006695412,0.0307357122366704,0.0477204228633908,0.0444599091763532,0.0512200497132825,"a",1.61972018961027
"4","2022",31,-1.30755502595746,0.000367540286200314,0.0191713402296322,0.049254393311943,0.0471274166295772,0.0514773657040437,"ab",1.62785723570215
"4","2023",28,-1.30068593206935,0.000284817811780927,0.0168765462041535,0.050039627480282,0.0481324005005954,0.0520224275607118,"b",1.64509360502967
"5","2018",24,-1.32027914023245,0.000342087655646868,0.0184956117943384,0.0478322554481137,0.0458379564837717,0.049913321551837,"a",1.57839781688175
"5","2021",50,-1.29554551367419,0.000264548930945736,0.0162649602196174,0.0506354281266281,0.0487741293960481,0.0525677569915716,"b",1.66233843579607
"5","2022",31,-1.29647802279518,0.00026325848063301,0.0162252420824162,0.0505268213079999,0.0486739660805841,0.0524502085419524,"b",1.65862122743389
"5","2023",28,-1.3022435352527,0.000276405841374008,0.01662545762901,0.0498604811097371,0.0479878184477246,0.0518062220145024,"b",1.63825658534184
"6","2018",24,-1.24753679187586,0.000233297798071944,0.015274089107765,0.0565539844545924,0.0545995569996577,0.0585783719400934,"a",1.85241076955191
"6","2021",50,-1.25933851734541,0.000399592818362418,0.0199898178671647,0.0550378528370491,0.0525619737228951,0.0576303557564701,"a",1.82243186556241
"6","2022",31,-1.25633942167003,0.000292581512205991,0.0171050142416191,0.0554192416084888,0.0532789385591475,0.0576455241699394,"a",1.82291153291296
"6","2023",28,-1.25597098702585,0.000285217726474549,0.0168883902866599,0.055466276587855,0.053350761499695,0.0576656780904247,"a",1.82354885583811
"7","2018",24,-1.35194305792997,0.00206235603057512,0.0454131702326002,0.044468956865801,0.0400538043258486,0.0493707940610351,"a",1.56124159123985
"7","2021",50,-1.32104128491937,0.0013159498131494,0.0362760225651794,0.0477483880908422,0.0439220591542027,0.0519080527911799,"bc",1.64147675724389
"7","2022",31,-1.32957672407672,0.00158399827157659,0.0397994757701227,0.0468191231664562,0.0427192677795811,0.0513124500491449,"ab",1.62264214478917
"7","2023",28,-1.29974490748631,0.000309816928072456,0.0176016172004863,0.0501481703558265,0.0481563403609741,0.0522223859036228,"c",1.65141684303718
"8","2018",15,-1.36756059159796,0.002238580665608,0.0473136414325509,0.0428982334602142,0.0384703171780128,0.0478358009239086,"a",1.51270084617938
"8","2021",23,-1.36068384623144,0.00278568197146038,0.0527795601673638,0.0435829029105951,0.038595493074107,0.0492147987970305,"a",1.55630858785531
"8","2022",10,-1.36587586356464,0.00404650523418864,0.0636121469075572,0.0430649687527658,0.0371973490058121,0.0498581641768857,"ab",1.57665358753573
"8","2023",8,-1.29330033952408,0.00496101436827844,0.0704344686093282,0.050897876133566,0.0432778016239465,0.05985964392134,"b",1.89292814718088
"9","2018",24,-1.3791447692988,0.000437693584676524,0.0209211277104396,0.041769110876741,0.039804676895321,0.0438304932865455,"a",1.38604189754203
"9","2021",50,-1.35467966871878,0.00209506516982362,0.0457718818689337,0.044189626545945,0.0397693460242704,0.0491012121013601,"ab",1.5527166611532
"9","2022",31,-1.33942305198817,0.00215994521775615,0.0464752107876462,0.0457695821948578,0.0411246047751313,0.0509392045406023,"b",1.61083908545494
"9","2023",28,-1.30646758510983,0.00108747610832229,0.0329769026490102,0.0493778771555468,0.0457673231699418,0.0532732653674089,"c",1.68464856955579
"10","2018",24,-1.37390610206093,0.00154294439751059,0.0392803309241481,0.0422760008478869,0.0386201153878074,0.0462779623971497,"a",1.46343766646619
"10","2021",49,-1.34895194911149,0.00145442151193314,0.0381368786338518,0.0447762842480706,0.0410120211109026,0.0488860479624359,"b",1.54591257365531
"10","2022",31,-1.3128520304404,0.00143869727825743,0.037930163172038,0.0486572958943075,0.0445879808967642,0.0530979962790378,"c",1.67910607432905
"10","2023",28,-1.30170488683899,0.00039133357777497,0.0197821530116156,0.0499223606232529,0.0476994048290149,0.052248913778524,"c",1.6522557280989
"11","2018",20,-1.26620536467346,0.00050154215361318,0.0223951368295257,0.0541744655225701,0.0514516727241425,0.0570413469430123,"a",1.80380577143802
"11","2021",47,-1.28588119491944,0.000580557110797659,0.0240947527648171,0.0517748447227421,0.0489805945296854,0.0547285015995348,"b",1.73066717982698
"11","2022",30,-1.28593863634313,0.000319087579790706,0.0178630226946815,0.0517679972396466,0.0496819165440925,0.0539416698191511,"b",1.7057853742128
"11","2023",27,-1.26450706098532,0.000132048022591777,0.0114912150180813,0.0543867289171573,0.0529665546473718,0.0558449818380838,"a",1.76597338499081
"12","2018",24,-1.33927966950085,0.00238459074031232,0.0488322715047367,0.0457846955344156,0.0409155184878333,0.0512333320620751,"a",1.62014021435888
"12","2021",50,-1.32760000990386,0.000834555346874567,0.0288886716010717,0.0470327085715218,0.0440059416426169,0.0502676591615403,"ab",1.58960295595497
"12","2022",31,-1.30767494778261,0.000743884452441447,0.0272742452222137,0.0492407945637256,0.0462435117330713,0.0524323469044204,"b",1.65805639286047
"12","2023",28,-1.31878670679628,0.00121293860068803,0.0348272680623678,0.0479969115953494,0.0442981944464587,0.052004456422624,"ab",1.64452530774464
"13","2018",24,-1.26600192320188,0.000512350988889032,0.0226351715012065,0.0541998490244899,0.0514473376424978,0.0570996239823086,"a",1.80564865323269
"13","2021",50,-1.26130502265216,0.000367047000638086,0.019158470728064,0.0547892022937844,0.0524247667204759,0.0572602774561661,"a",1.81072896214677
"13","2022",31,-1.25576330708088,0.000326216647293884,0.0180614685807629,0.055492806945577,0.053232299174317,0.057849307102347,"a",1.82935571505972
"13","2023",28,-1.26131031500443,0.000331456953518103,0.0182059592858521,0.0547885346316236,0.0525392326747002,0.0571341333754594,"a",1.80673993606296
